"GROUP","TIME","HORIZONTAL","VERTICAL","CIRCLE","LEGATO","NOTE","SLUR UP","SLUR DOWN","BASS KEY","TREBLE KEY","SHARP","FLAT","MARCATO","NATURAL","DIMINUENDO","NUMBER ONE","NUMBER TWO","STACCATO","SULLARCO","UPPERMORDENT"
1,1,13.2,0,0,0,0,-2.1,0,0,0,0,0,0,0,0,0,0,0,0,0
1,2,13.2,0,0,0,0,1.1,0,0,0,0,0,0,0,0,0,0,0,0,0
1,3,13.2,0,0,0,0,4.1,0,0,0,0,0,0,0,0,0,0,0,0,0
1,4,13.2,1.3,0,0,0,9.1,0,0,0,0,0,0,0,0,0,0,0,0,0
2,1,0,0,0,0,0,0,0,0,0,0,0,0,0,0,-2.1,0,0,0,0
2,2,0,0,0,0,0,0,0,0,0,0,0,0,0,0,0,0,0,0,0
2,3,0,0,0,0,0,0,0,0,0,0,0,0,0,0,0,0,0,0,0
2,4,0,0,0,0,0,-5.1,0,0,0,0,0,0,0,0,0,0,0,0,0
2,5,0,0,0,0,0,-4.1,0,0,0,0,0,0,0,0,0,0,0,0,0
2,6,0,0,0,0,0,-3.1,0,0,0,0,0,0,0,0,0,0,0,0,0
2,7,0,0,0,0,0,-3.1,0,0,0,0,0,0,0,0,0,0,0,0,0
2,8,0,0,0,0,0,-3.1,0,0,0,0,0,0,0,0,0,0,0,0,0
2,9,0,0,0,0,0,-2.1,0,0,0,0,0,0,0,0,0,0,0,0,0
2,10,0,0,0,0,0,-2.1,0,0,0,0,0,0,0,0,0,0,0,0,0
2,11,0,0,0,0,0,-2.1,0,0,0,0,0,0,0,0,0,0,0,0,0
2,12,0,0,0,0,0,-2.1,0,0,0,0,0,0,0,0,0,0,0,0,0
2,13,0,0,0,0,0,-2.1,0,0,0,0,0,0,0,0,0,0,0,0,0
2,14,0,0,0,0,0,-2.1,0,0,0,0,0,0,0,0,0,0,0,0,0
2,15,0,0,0,0,0,-1.1,0,0,0,0,0,0,0,0,0,0,0,0,0
2,16,0,0,0,0,0,-1.1,0,0,0,0,0,0,0,0,0,0,0,0,0
2,17,0,0,0,0,0,-1.1,0,0,0,0,0,0,0,0,0,0,0,0,0
2,18,0,0,0,0,0,-1.1,0,0,0,0,0,0,0,0,0,0,0,0,0
2,19,0,0,0,0,0,-1.1,0,0,0,0,0,0,0,0,0,0,0,0,0
2,20,0,0,0,0,0,0,-1.1,0,0,0,0,0,0,0,2.1,0,0,0,0
2,21,0,0,0,0,0,0,-1.1,0,0,0,0,0,0,0,0,0,0,0,0
2,22,5.1,0,0,0,0,0,-1.1,0,0,0,0,0,0,0,0,0,0,0,0
2,23,5.1,3.1,0,0,0,0,-1.1,0,0,0,0,0,0,0,0,0,0,0,0
2,24,0,0,0,0,0,0,-1.1,0,0,0,0,0,0,0,0,0,0,0,0
2,25,0,0,0,0,0,0,-1.1,0,0,0,0,0,0,0,0,0,0,0,0
2,26,0,0,0,0,0,0,-2.1,0,0,0,0,0,0,0,0,0,0,0,0
2,27,0,0,0,0,0,0,-2.1,0,0,0,0,0,0,0,0,0,0,0,0
2,28,0,0,0,0,0,0,-2.1,0,0,0,0,0,0,0,0,0,0,0,0
2,29,0,0,0,0,0,0,-2.1,0,0,0,0,0,0,0,0,0,0,0,0
2,30,0,0,0,0,0,0,-2.1,0,0,0,0,0,0,0,0,0,0,0,0
2,31,0,0,0,0,0,0,-2.1,0,0,0,0,0,0,0,0,0,0,0,0
2,32,0,0,0,0,0,0,-2.1,0,0,0,0,0,0,0,0,0,0,0,0
2,33,0,0,0,0,0,0,-2.1,0,0,0,0,0,0,0,0,0,0,0,0
2,34,0,0,0,0,0,0,-2.1,0,0,0,0,0,0,0,0,0,0,0,0
2,35,0,0,0,0,0,0,-3.1,0,0,0,0,0,0,0,0,0,0,0,0
2,36,0,0,0,0,0,0,-3.1,0,0,0,0,0,0,0,0,0,0,0,0
2,37,0,0,0,0,0,0,-3.1,0,0,0,0,0,0,0,0,0,0,0,0
2,38,0,0,0,0,0,0,-3.1,0,0,0,0,0,0,0,0,0,0,0,0
2,39,0,0,0,0,0,0,-4.1,0,0,0,0,0,0,0,0,0,0,0,0
2,40,0,0,0,0,0,0,-4.1,0,0,0,0,0,0,0,0,0,0,0,0
2,41,0,0,0,0,0,0,-5.1,0,0,0,0,0,0,0,0,0,0,0,0
2,42,0,0,0,0,0,0,0,0,0,0,0,0,0,0,0,0,0,0,0
2,43,0,0,0,0,0,0,0,0,0,0,0,0,0,0,0,0,0,0,0
2,44,0,0,0,0,0,0,0,0,0,0,0,0,0,0,0,0,0,0,0
2,45,0,0,0,0,0,0,0,0,0,0,0,0,0,0,0,0,0,0,0
2,46,0,0,0,0,0,0,0,0,0,0,0,0,0,0,0,-2.1,0,0,0
3,1,3.2,0,0,0,0,0,0,0,3.2,0,0,0,0,0,0,0,0,0,0
3,2,3.2,0,0,0,0,0,0,4.2,3.2,0,0,0,0,0,0,0,0,0,0
3,3,3.2,0,0,0,0,0,0,0,0,0,0,0,0,0,0,0,0,0,0
3,4,3.2,0,0,0,0,0,-6.1,0,0,-3.1,8.1,0,0,3.1,0,0,3.2,0,0
3,5,3.2,0,0,0,0,0,-7.1,0,0,0,0,0,0,3.1,0,0,0,0,0
3,6,3.2,0,0,0,0,0,-8.1,0,0,0,0,0,0,3.1,0,0,0,0,0
3,7,3.2,0,0,0,0,-8.1,-8.1,0,0,0,0,0,0,3.1,0,0,0,0,0
3,8,3.2,0,0,0,0,-8.1,0,0,0,0,0,0,0,3.1,0,0,0,0,0
3,9,3.2,0,0,0,0,-8.1,0,0,0,0,0,0,0,3.1,-5.1,0,0,0,0
3,10,3.2,0,0,0,0,-7.1,0,0,0,0,0,0,0,3.1,0,0,0,0,0
3,11,3.2,1.2,0,0,0,0,0,0,0,0,0,0,0,0,0,0,0,0,0
3,12,0,0,0,0,0,0,0,0,0,0,0,0,0,0,0,0,8.1,0,0
4,1,0,0,0,0,0,4.1,0,0,0,0,0,0,0,0,0,0,0,0,0
4,2,0,0,0,2.1,0,5.1,0,0,0,0,0,0,0,0,0,0,0,0,0
4,3,3.2,0,0,2.1,0,5.1,0,7.1,0,0,0,0,0,0,0,0,0,0,0
4,4,3.2,0,0,2.1,0,6.1,0,0,0,0,0,0,0,0,-6.1,0,-10.1,0,3.1
4,5,3.2,-10.1,0,2.1,0,6.1,0,0,0,0,0,0,0,0,0,0,0,0,3.1
4,6,3.2,-9.2,0,2.1,7.1,3.2,-11.1,0,0,0,0,0,0,0,11.1,0,-10.1,0,3.1
4,7,7.1,-10.1,0,2.1,0,3.2,0,0,0,0,0,0,0,0,0,0,0,0,0
4,8,7.1,0,0,3.1,0,4.2,0,0,0,0,0,0,0,0,1.1,0,0,0,0
4,9,7.1,0,0,3.1,5.1,4.2,6.1,0,0,0,0,0,0,0,0,0,0,0,0
4,10,0,0,0,5.1,0,0,0,0,0,0,0,0,0,0,0,0,0,0,0
5,1,0,0,0,-7.1,-11.1,0,0,0,0,0,0,0,0,0,0,0,0,0,0
5,2,0,0,0,-7.1,0,0,0,0,0,0,0,0,0,0,0,0,0,0,0
5,3,0,0,0,-7.1,0,0,2.3,0,0,0,0,0,0,0,0,0,0,0,0
5,4,0,0,0,-7.1,0,0,1.3,0,0,0,0,0,0,0,0,0,0,0,0
5,5,2.2,0,0,-7.1,-4.1,-2.3,-1.3,-2.1,0,0,-1.2,1.1,0,0,0,0,0,0,0
5,6,2.2,-3.2,14.2,-7.1,-1.2,-2.3,-2.3,0,0,0,0,0,0,0,0,0,13.2,0,0
5,7,2.2,0,14.2,-8.1,0,-2.3,-1.3,0,0,0,0,0,0,0,0,0,13.2,0,0
5,8,2.2,0,0,-8.1,-5.1,-1.3,0,0,0,0,0,1.1,0,0,0,0,0,0,0
5,9,0,0,0,-8.1,0,-1.3,5.1,0,0,0,0,0,0,0,0,0,0,0,0
5,10,0,0,0,-8.1,0,-1.3,4.1,0,0,0,0,0,0,0,0,0,0,0,0
5,11,0,0,0,0,0,-1.3,4.1,0,0,0,-10.1,0,0,0,0,0,0,0,0
5,12,0,0,0,0,-10.1,0,4.1,0,0,0,0,0,0,0,0,0,0,0,0
5,13,0,0,0,0,0,0,3.1,0,0,0,0,0,0,0,0,0,0,0,0
5,14,0,0,0,0,0,0,2.1,0,0,0,0,0,0,0,0,0,0,0,0
5,15,0,0,0,0,0,0,2.1,0,0,0,0,0,0,0,0,0,0,0,0
5,16,0,0,0,0,0,0,1.1,0,0,0,0,0,0,0,0,0,0,0,0
6,1,0,0,0,0,0,0,-2.1,0,0,0,0,0,0,0,0,0,0,0,0
6,2,0,0,0,0,0,0,-5.2,0,0,0,0,0,0,0,0,0,0,0,0
6,3,0,0,0,0,0,0,-5.2,0,0,0,0,0,0,0,0,0,0,0,0
6,4,-3.2,0,0,0,0,0,-7.2,0,0,0,0,0,0,0,0,0,0,0,0
6,5,-3.2,0,0,0,0,0,-9.2,0,0,0,0,0,0,0,0,0,0,0,0
6,6,-3.2,0,0,0,0,0,-10.2,0,0,0,0,0,0,0,0,0,0,0,0
6,7,-3.2,0,0,0,0,0,-11.2,0,0,0,0,0,0,0,0,0,0,0,0
6,8,-5.2,0,0,0,0,0,-12.2,0,0,0,0,0,0,0,0,0,0,0,0
6,9,-5.2,0,0,0,0,0,-12.2,0,0,0,-10.1,0,0,0,0,0,0,0,0
6,10,-5.2,0,0,0,-10.2,0,-12.2,0,0,0,0,0,0,0,0,0,0,0,0
6,11,-5.2,0,0,0,-10.2,-12.2,-12.2,0,0,0,0,0,0,0,0,0,0,0,0
6,12,3.2,3.3,0,0,0,-12.2,-12.1,0,0,0,0,0,0,0,0,0,0,0,0
6,13,3.2,0,0,0,0,-12.2,0,0,0,0,0,0,0,0,0,0,0,0,0
6,14,3.2,0,0,0,0,-11.2,0,0,0,0,0,0,0,0,0,0,0,0,0
6,15,5.2,0,0,0,0,-10.2,0,0,0,0,0,0,0,0,0,0,0,0,0
6,16,5.2,0,0,0,0,-9.2,0,0,0,0,0,0,0,0,0,0,0,0,0
6,17,5.2,0,0,0,0,-8.2,0,0,0,0,0,0,0,0,0,0,0,0,0
6,18,7.2,0,0,0,0,-7.2,0,0,0,0,0,0,0,0,0,0,0,0,0
6,19,0,0,0,0,0,-4.2,0,0,0,0,0,0,0,0,0,0,0,0,0
6,20,0,0,0,0,0,1.1,0,0,0,0,0,0,0,0,0,0,0,0,0
7,1,4.1,0,0,0,0,0,0,4.2,0,0,0,0,0,0,0,0,0,0,0
7,2,4.1,0,0,0,0,0,0,0,0,0,0,6.1,0,0,0,0,0,0,0
7,3,4.1,0,5.1,0,1.1,0,1.1,0,0,0,0,0,0,0,0,0,0,0,0
7,4,4.1,0,5.1,0,0,0,1.1,0,0,0,0,0,0,0,0,0,0,0,0
7,5,4.1,0,5.1,0,0,0,-1.1,0,0,0,0,0,0,0,0,0,0,0,0
7,6,4.1,0,5.1,0,0,0,-1.1,0,0,0,0,0,0,0,0,0,0,0,0
7,7,4.1,0,5.1,0,8.1,-2.1,-2.1,0,0,0,0,0,0,0,0,0,0,0,0
7,8,4.1,0,5.1,0,0,-2.1,-2.1,0,0,0,0,0,0,0,0,0,0,0,0
7,9,4.1,0,3.1,0,0,-2.1,-2.1,0,0,0,0,0,0,0,0,0,0,0,0
7,10,4.1,0,3.1,0,7.1,-2.1,0,0,0,0,0,0,0,0,0,0,0,0,0
7,11,4.1,0,3.1,0,0,-2.1,0,0,0,0,0,0,0,0,0,0,0,0,0
7,12,4.1,0,3.1,0,0,-1.1,0,0,0,0,0,6.1,0,0,0,0,0,0,0
7,13,4.1,0,3.1,0,0,1.1,0,0,0,0,2.1,6.1,0,0,0,0,0,0,0
7,14,4.1,0,0,0,2.1,0,0,0,0,0,0,0,0,0,0,0,0,0,0
7,15,4.1,0,0,0,0,0,0,0,0,0,0,0,0,0,0,0,0,0,0
7,16,4.1,0,0,0,0,0,0,0,0,0,0,0,0,0,0,0,0,0,0
7,17,0,0,0,0,0,0,4.2,0,0,0,0,0,0,0,0,0,0,0,0
7,18,0,0,0,0,0,0,4.2,0,0,0,0,6.1,0,0,0,0,0,0,0
7,19,0,0,0,0,0,0,4.2,0,0,0,0,0,0,0,0,0,0,0,0
7,20,0,0,0,0,0,0,4.2,0,0,0,0,0,0,0,0,0,0,0,0
7,21,0,0,0,0,0,0,4.2,0,0,0,0,0,0,0,0,0,0,0,0
7,22,0,0,0,0,3.1,0,3.2,0,0,0,0,0,0,0,0,0,0,0,0
7,23,0,0,0,0,0,0,3.2,0,0,0,0,0,0,0,0,0,0,0,0
7,24,0,0,0,0,0,0,3.2,0,0,0,0,0,0,0,0,0,0,0,0
7,25,0,0,0,0,0,0,3.2,0,0,0,0,0,0,0,0,0,0,0,0
7,26,0,0,0,0,0,0,3.2,0,0,0,0,0,0,0,0,0,0,0,0
7,27,0,0,0,0,0,0,3.2,0,0,0,0,0,0,0,0,0,0,0,0
7,28,0,0,0,0,0,0,3.2,0,0,0,0,0,0,0,0,0,0,0,0
7,29,0,0,0,0,0,0,3.2,0,0,0,0,0,0,0,0,0,0,0,0
7,30,0,0,0,0,0,0,3.2,0,0,0,0,0,0,0,0,0,0,0,0
7,31,0,0,0,0,0,0,3.2,0,0,0,0,0,0,0,0,0,0,0,0
7,32,0,0,0,0,0,0,3.2,0,0,0,0,0,0,0,0,0,0,0,0
7,33,0,0,0,0,0,0,2.2,0,0,0,0,0,0,0,0,0,0,0,0
7,34,0,0,0,0,0,0,2.2,0,0,0,0,0,0,0,0,0,0,0,0
7,35,0,0,0,0,0,0,2.2,0,0,0,0,0,0,0,0,0,0,0,0
7,36,0,0,0,0,0,0,2.2,0,0,0,0,0,0,0,0,0,0,0,0
7,37,0,0,0,0,0,0,2.2,0,0,0,0,0,0,0,0,0,0,0,0
7,38,0,0,0,0,0,0,2.2,0,0,0,1.1,0,0,0,0,0,0,0,0
7,39,0,0,0,0,1.1,0,1.2,0,0,0,0,0,0,0,0,0,0,0,0
7,40,0,0,0,0,0,0,1.2,0,0,0,0,0,0,0,0,0,0,0,0
7,41,0,0,0,0,0,0,1.2,0,0,0,0,0,0,0,0,0,0,0,0
7,42,0,0,0,0,0,0,1.2,0,0,0,0,0,0,0,0,0,0,0,0
7,43,0,0,0,0,0,0,-1.2,0,0,0,0,0,0,0,0,0,0,0,0
7,44,0,0,0,0,0,0,-1.2,0,0,0,0,0,0,0,0,0,0,0,0
7,45,0,0,0,0,0,0,-1.2,0,0,0,0,0,0,0,0,0,0,0,0
7,46,0,0,0,0,0,0,-1.2,0,0,0,0,0,0,0,0,0,0,0,0
7,47,0,0,0,0,0,0,-1.2,0,0,0,0,0,0,0,0,0,0,0,0
7,48,0,0,0,0,0,0,-1.2,0,0,0,0,0,0,0,0,0,0,0,0
7,49,0,0,0,0,0,0,-2.2,0,0,0,0,0,0,0,0,0,0,0,0
7,50,0,0,0,0,0,0,-2.2,0,0,0,0,0,0,0,0,0,0,0,0
7,51,0,0,0,0,0,0,-2.2,0,0,0,0,0,0,0,0,0,0,0,0
7,52,0,0,0,0,0,0,-2.2,0,0,0,0,0,0,0,0,0,0,0,0
7,53,0,0,0,0,2.1,0,-2.2,0,0,0,2.1,0,0,0,0,0,0,0,0
7,54,0,0,0,0,0,1.1,-2.2,0,0,0,0,0,0,0,0,0,0,0,0
7,55,0,0,0,0,-4.1,1.1,-2.2,0,0,0,0,0,0,0,0,0,0,0,0
7,56,0,0,0,0,0,2.1,-2.2,0,0,0,0,0,0,0,0,0,0,0,0
7,57,0,0,0,0,0,2.1,-2.2,0,-2.2,0,0,0,0,0,0,0,0,0,0
7,58,0,0,0,0,0,2.1,-2.2,0,-2.2,0,0,0,0,0,0,0,0,0,0
7,59,0,0,0,0,0,3.1,-2.2,0,0,0,0,0,0,0,0,0,0,0,0
7,60,0,0,0,0,0,3.1,-3.2,0,0,0,0,8.1,0,0,0,0,0,0,0
7,61,0,0,0,0,0,4.1,-3.2,0,0,0,0,8.1,0,0,0,0,0,0,0
7,62,0,0,0,0,0,0,-3.2,0,0,0,0,0,0,0,0,0,0,0,0
7,63,0,0,0,0,0,0,-3.2,0,0,0,0,0,0,0,0,0,0,0,0
7,64,0,0,0,0,0,0,-3.2,0,0,0,0,0,0,0,0,0,0,0,0
7,65,0,0,0,0,0,0,-3.2,0,0,0,-6.1,0,0,0,0,0,0,0,0
7,66,-4.2,0,0,0,-6.1,0,0,0,0,0,0,0,0,-8.1,0,0,0,0,0
7,67,-4.2,0,0,0,0,0,0,0,0,0,0,0,0,-5.2,0,0,0,0,0
7,68,-4.2,0,0,0,0,0,0,0,0,0,0,0,0,-5.2,0,0,0,0,0
7,69,-4.2,0,0,0,0,0,0,0,0,0,0,0,0,-5.2,0,0,0,0,0
7,70,-4.2,0,0,0,0,0,0,0,0,0,0,0,0,-5.2,0,0,0,0,0
7,71,-4.2,0,0,0,0,0,0,0,0,0,0,0,0,-5.2,0,0,0,0,0
7,72,-4.2,0,0,0,0,0,0,0,0,0,0,0,0,-5.2,0,0,0,0,0
7,73,-4.2,0,0,0,0,0,0,0,0,0,0,0,0,-5.2,0,0,0,0,0
7,74,-4.2,0,0,0,0,0,0,0,0,0,0,0,0,-5.2,0,0,0,0,0
7,75,-4.2,0,0,0,0,0,0,0,0,0,-7.1,0,0,-5.2,0,0,0,0,0
7,76,-4.2,0,0,0,-8.1,0,0,0,0,0,0,0,0,-5.2,0,0,0,0,0
7,77,-3.1,0,0,0,0,-7.1,0,0,0,0,0,0,0,0,0,0,0,0,0
7,78,-3.1,0,0,0,0,-7.1,0,0,0,0,0,0,0,0,0,0,0,0,0
7,79,-3.1,0,0,0,0,-7.1,0,0,0,0,0,0,0,0,0,0,0,0,0
7,80,-3.1,0,0,0,0,-6.1,0,0,0,0,0,0,0,0,0,0,0,0,0
7,81,-3.1,0,0,0,0,-6.1,0,0,0,0,0,0,0,0,0,0,0,0,0
7,82,-3.1,0,0,0,0,-6.1,0,0,0,0,0,0,0,0,0,0,0,0,0
7,83,-3.1,0,0,0,0,-5.1,0,0,0,0,0,0,0,0,0,0,0,0,0
7,84,-3.1,0,0,0,0,-5.1,0,0,0,0,0,0,0,0,0,0,0,0,0
7,85,-3.1,0,0,0,0,0,0,0,0,0,0,0,0,0,0,0,0,0,0
7,86,-3.1,-4.2,0,0,0,0,0,0,0,0,0,0,0,0,0,0,0,0,0
8,1,-2.1,0,0,0,0,0,0,-2.2,0,0,0,0,0,0,0,0,0,0,0
8,2,1.1,0,0,0,0,0,2.1,-2.2,0,0,0,0,0,0,0,0,0,0,0
8,3,1.1,0,0,0,0,0,1.1,0,0,0,0,0,0,0,0,0,0,-3.1,0
8,4,1.2,0,0,0,0,0,-1.1,0,0,0,0,0,0,0,0,0,0,0,0
8,5,1.2,0,0,0,-2.1,0,-2.1,0,0,0,0,0,0,0,0,0,0,-4.1,0
8,6,-1.2,0,0,0,0,0,-3.1,0,0,0,0,0,0,0,0,0,0,0,0
8,7,-1.3,0,0,0,0,0,-1.2,0,0,0,-1.1,0,0,0,0,0,0,0,0
8,8,-1.3,0,0,0,-1.1,0,-2.2,0,0,0,0,0,0,0,0,0,0,0,0
8,9,-1.3,0,0,0,0,0,-2.2,0,0,0,0,0,0,0,0,0,0,0,0
8,10,-1.3,0,0,0,0,0,0,0,0,0,0,0,0,0,0,0,0,0,0
8,11,-1.3,0,0,0,0,0,0,0,0,0,0,0,0,0,0,0,0,0,0
8,12,-1.3,0,0,0,0,0,0,0,0,0,0,0,0,0,0,0,0,0,0
8,13,-1.3,0,0,0,0,0,0,0,0,0,0,0,0,0,0,0,0,0,0
8,14,-1.3,0,0,0,0,0,0,0,0,0,0,0,0,0,0,0,0,0,0
8,15,-1.3,0,0,0,0,0,0,0,0,0,0,0,0,0,0,0,0,0,0
8,16,-1.3,0,0,0,0,-3.2,0,0,0,0,-2.1,0,0,0,0,0,0,0,0
8,17,1.2,0,0,0,-2.1,-3.2,0,0,0,0,0,0,0,0,0,0,0,0,0
8,18,1.2,0,0,0,0,-3.2,0,0,0,0,0,0,0,0,0,0,0,0,0
8,19,1.2,0,0,0,0,-3.2,0,0,0,0,0,0,0,0,0,0,0,0,0
8,20,1.2,0,0,0,0,-2.2,0,0,0,0,0,0,0,0,0,0,0,0,0
8,21,1.2,0,0,0,0,-2.2,0,0,0,0,0,0,0,0,0,0,0,0,0
8,22,1.2,0,0,0,-1.1,-2.1,0,0,0,0,0,0,0,0,0,0,0,-3.1,0
8,23,2.1,0,0,0,0,-1.1,0,0,0,0,0,0,0,0,0,0,0,0,0
8,24,2.1,0,0,0,0,1.1,0,0,0,0,0,0,0,0,0,0,0,0,0
8,25,0,0,0,0,0,3.1,0,0,0,0,0,-1.1,0,0,0,0,0,0,0
8,26,0,0,0,0,0,0,0,0,0,0,0,-1.1,0,0,0,0,0,0,0
9,1,0,0,0,-2.1,0,0,0,0,0,0,0,0,0,0,0,0,0,0,0
9,2,0,0,0,-6.1,0,0,0,0,0,0,0,0,0,0,0,0,0,0,0
9,3,0,0,0,-7.1,0,0,0,0,0,0,0,0,0,0,0,0,0,0,0
9,4,0,0,0,-8.1,0,0,0,0,0,0,0,0,0,0,0,0,0,0,0
9,5,0,0,0,-9.1,0,0,0,0,0,0,0,0,0,0,0,0,0,0,0
9,6,0,0,0,-9.1,0,0,0,0,0,0,0,0,0,0,0,0,0,0,0
9,7,0,0,0,-10.1,0,0,0,0,0,0,0,0,0,0,0,0,0,0,0
9,8,0,0,0,-10.1,0,0,0,0,0,0,0,0,0,0,0,0,0,0,0
9,9,0,0,-3.1,-10.1,-4.1,0,0,0,0,0,0,0,0,0,0,0,0,0,0
9,10,3.1,0,-3.1,-11.1,-3.1,0,0,1.2,0,0,0,0,0,0,0,0,0,0,0
9,11,3.1,0,-3.2,-11.1,1.2,0,0,0,0,0,-2.1,5.1,0,0,0,0,0,0,0
9,12,3.1,0,-3.2,-11.1,0,0,0,0,0,0,0,0,0,0,0,0,0,0,0
9,13,4.1,0,-3.3,-11.1,0,0,0,0,0,0,0,0,0,0,0,0,-2.3,0,3.1
9,14,4.1,0,-3.3,-11.1,0,0,0,0,0,0,0,0,0,0,0,0,-2.3,0,3.1
9,15,2.1,0,-3.2,-11.1,-3.2,0,0,0,0,0,0,0,0,0,0,0,0,0,0
9,16,2.1,0,-3.2,-11.1,-2.2,0,0,0,0,0,0,5.1,0,0,0,0,0,0,0
9,17,2.1,0,-3.1,-11.1,-3.2,0,0,0,0,-5.1,0,5.1,0,0,0,0,0,0,0
9,18,2.1,0,-3.1,-11.1,0,0,0,0,0,0,0,-5.1,0,0,0,0,0,0,0
9,19,2.1,0,-4.1,-11.1,0,0,0,0,0,0,0,0,0,0,0,0,0,0,0
9,20,2.1,-5.2,-4.1,-11.1,0,0,0,0,0,0,0,0,0,0,0,0,0,0,0
9,21,2.1,0,-5.1,-10.1,0,0,0,0,0,0,0,0,0,0,0,0,0,0,0
9,22,2.1,0,-5.1,-10.1,0,0,0,0,0,0,0,-4.1,0,0,0,0,0,0,0
9,23,2.1,0,0,-10.1,0,0,0,0,0,0,0,-4.1,0,0,0,0,0,0,0
9,24,2.1,0,0,-9.1,0,0,0,0,0,0,0,0,0,0,0,0,0,0,0
9,25,2.1,0,0,-8.1,0,0,0,0,0,0,0,0,0,0,0,0,0,0,0
9,26,2.1,0,0,-6.1,0,0,0,0,0,0,0,0,0,0,0,0,0,0,0
9,27,2.1,0,0,-1.1,0,0,0,0,0,0,0,0,0,0,0,0,0,0,0
9,28,2.1,0,0,0,0,0,0,0,0,0,0,0,0,0,0,0,0,0,0
9,29,2.1,0,0,0,2.1,0,1.1,0,0,0,0,0,0,0,0,0,0,0,0
9,30,3.2,0,0,0,0,0,-1.1,0,0,0,0,0,0,0,0,0,0,0,0
9,31,3.2,0,0,0,0,-1.2,0,0,0,0,0,0,0,0,0,0,0,0,0
9,32,3.2,0,0,0,1.1,-1.2,0,0,0,0,0,0,0,0,0,0,0,0,0
9,33,3.1,0,0,0,0,-1.1,0,0,0,0,0,0,0,0,0,0,0,0,0
9,34,3.1,0,0,0,0,-1.1,0,0,0,0,0,0,0,0,0,0,0,0,0
9,35,3.1,0,0,0,0,1.1,0,0,0,0,0,0,0,0,0,0,0,0,0
9,36,3.1,0,0,0,0,2.1,2.1,0,0,0,0,0,0,0,0,0,0,0,0
9,37,3.1,0,0,0,0,0,1.1,0,0,0,0,0,0,0,0,0,0,0,0
9,38,3.1,0,0,0,0,0,-1.1,0,0,0,0,0,0,0,0,0,0,0,0
9,39,3.1,0,0,0,0,0,-1.1,0,0,0,0,0,0,0,0,0,0,0,0
9,40,3.1,0,0,0,0,0,-1.1,0,0,0,0,0,0,0,0,0,0,0,0
9,41,3.1,0,0,0,0,0,-1.1,0,0,0,0,0,0,0,0,0,0,0,0
9,42,3.1,0,0,0,0,0,-1.1,0,0,0,0,0,0,0,0,0,0,0,0
9,43,3.1,0,0,0,0,0,-1.1,0,0,0,0,0,0,0,0,0,0,0,-1.1
9,44,3.1,0,0,0,0,0,0,0,0,0,0,0,0,0,0,0,0,0,1.1
9,45,3.1,0,0,0,0,0,0,0,0,0,0,0,0,0,0,0,0,0,0
9,46,3.1,0,0,0,0,0,0,0,0,0,0,0,0,0,0,0,0,0,0
10,1,7.1,0,0,0,0,0,0,0,0,0,0,0,0,0,0,0,0,0,0
10,2,7.1,0,0,0,0,0,0,0,0,0,0,0,0,0,0,0,0,0,0
10,3,7.1,0,0,0,0,0,0,2.1,0,0,0,0,0,0,0,0,0,0,0
10,4,7.1,0,0,0,0,0,0,2.1,0,0,3.2,0,0,0,0,0,0,0,0
10,5,8.1,3.3,0,0,3.2,0,1.1,0,0,0,0,0,0,0,0,0,0,0,0
10,6,8.1,0,0,0,0,0,-5.1,0,0,0,0,0,2.1,0,0,0,0,0,0
10,7,8.1,0,0,0,2.1,0,-6.1,0,0,0,0,0,0,0,0,0,0,0,0
10,8,7.2,0,0,0,2.1,0,-5.2,0,0,0,0,0,0,0,0,0,0,0,0
10,9,7.2,0,0,0,0,0,-7.2,0,0,0,0,0,0,0,0,0,0,0,0
10,10,7.2,0,0,0,1.1,0,-6.2,0,0,0,0,0,0,0,0,0,0,0,0
10,11,6.3,0,0,0,0,0,-7.2,0,0,0,2.1,0,0,0,0,0,0,0,0
10,12,6.3,0,0,0,2.1,0,-8.3,0,0,0,0,0,0,0,0,0,0,0,0
10,13,6.3,0,0,0,0,0,-7.3,0,0,0,0,0,0,0,0,0,0,0,0
10,14,6.3,0,0,0,1.1,0,-8.3,0,0,0,0,0,0,0,0,0,0,0,0
10,15,6.3,0,-1.3,0,-1.1,-8.3,-8.3,0,0,0,0,0,0,0,0,0,0,0,0
10,16,6.3,0,-1.3,0,-1.1,-8.3,-8.3,0,0,0,0,0,0,0,0,0,0,0,0
10,17,6.3,0,0,0,0,-8.3,0,0,0,0,2.1,0,0,0,0,0,0,0,0
10,18,6.3,0,0,0,2.1,-8.3,0,0,0,0,0,1.1,0,0,0,0,0,0,0
10,19,6.3,0,0,0,1.1,-8.3,-2.1,0,0,0,0,-1.1,0,0,0,0,0,0,0
10,20,6.3,0,0,0,0,-9.2,-2.1,0,0,0,0,0,0,0,0,0,0,0,0
10,21,6.3,0,0,0,2.1,-9.2,-5.1,0,0,0,0,-1.2,0,0,0,0,0,0,0
10,22,6.3,0,0,0,0,-8.1,-5.2,0,0,0,0,0,0,0,0,0,0,0,0
10,23,6.3,0,0,0,2.1,-7.1,-7.2,0,0,0,0,-1.2,0,0,0,0,0,0,0
10,24,7.3,0,0,0,0,-8.1,-6.2,0,0,0,0,-1.2,0,0,0,0,0,0,0
10,25,7.3,0,0,0,0,-6.1,-6.2,0,0,0,0,0,0,0,0,0,0,0,0
10,26,7.3,0,0,0,1.1,-4.1,-6.3,0,0,0,0,1.1,0,0,0,0,0,0,0
10,27,7.3,0,0,0,0,-5.1,-6.3,0,0,0,0,0,0,0,0,0,0,0,0
10,28,7.3,0,0,0,2.1,-1.1,-6.3,0,0,0,0,2.1,0,0,0,0,0,0,8.1
10,29,7.3,0,0,0,0,0,-6.3,0,0,0,0,0,0,0,0,0,0,0,8.1
10,30,7.3,0,0,0,0,0,-7.3,0,0,0,0,0,0,0,0,0,0,0,0
10,31,7.3,0,0,0,0,0,-7.3,0,0,0,0,0,0,0,0,0,0,0,9.1
10,32,7.3,0,0,0,0,0,-7.3,0,0,0,0,0,0,0,0,0,0,0,9.1
10,33,8.2,0,0,0,0,0,-7.3,0,0,0,0,0,0,0,0,0,0,0,10.1
10,34,8.2,0,0,0,0,0,2.3,0,0,0,0,0,0,0,0,0,0,0,10.1
10,35,9.2,0,0,0,0,0,2.3,0,0,0,0,0,0,0,0,0,0,0,0
10,36,9.2,0,0,0,0,0,6.2,0,2.1,0,0,0,0,0,0,0,0,0,0
10,37,9.1,0,0,0,0,0,6.2,0,2.1,0,0,0,0,0,0,0,0,0,10.1
10,38,9.1,0,0,0,0,0,7.2,0,0,0,0,0,0,0,0,0,0,0,0
10,39,9.1,0,0,0,0,0,7.2,0,0,0,0,0,0,0,0,0,0,0,0
10,40,8.1,0,0,0,0,0,4.3,0,0,0,0,0,0,2.1,0,0,0,0,11.1
10,41,8.1,0,0,0,0,0,4.3,0,0,0,0,0,0,2.1,0,0,0,0,0
10,42,8.1,0,0,0,0,0,4.3,0,0,0,0,0,0,0,0,0,0,0,0
10,43,4.1,0,0,0,0,0,4.3,0,0,0,0,0,0,0,0,0,0,0,11.1
10,44,0,0,0,0,0,0,4.3,0,0,0,0,0,0,0,0,0,0,0,0
10,45,0,0,0,0,0,0,4.3,0,0,0,0,0,0,0,0,0,0,0,0
10,46,0,0,0,0,0,0,6.2,0,0,0,0,0,0,0,0,0,0,0,0
10,47,0,0,0,0,0,0,6.1,0,0,0,0,0,0,0,0,0,0,0,0
10,48,0,0,0,0,0,0,6.1,0,0,0,0,0,0,0,0,0,0,0,0
11,1,2.1,0,0,0,0,0,0,0,0,0,0,0,0,0,0,0,0,0,0
11,2,-2.2,0,0,-4.1,0,0,0,0,0,0,0,0,0,0,0,0,0,0,0
11,3,-1.2,0,0,-4.1,0,0,0,0,0,0,0,0,0,0,0,0,0,0,0
11,4,2.2,0,0,-4.2,0,0,0,0,0,0,0,0,0,0,0,0,0,0,0
11,5,2.2,0,0,-4.2,0,0,0,0,0,0,0,0,0,0,0,0,0,0,0
11,6,2.2,0,0,-4.3,0,0,0,0,0,0,0,0,0,0,0,0,0,0,0
11,7,2.2,0,0,-4.3,0,0,0,0,0,0,0,-14.1,0,0,0,0,0,0,0
11,8,2.2,0,0,-4.3,0,0,0,0,0,0,0,-15.2,0,0,0,0,0,0,0
11,9,2.2,0,0,-4.3,0,0,0,0,0,0,0,-11.2,0,0,0,0,0,0,0
11,10,2.2,0,0,-4.3,0,0,0,0,0,0,0,-14.1,0,0,0,0,0,0,0
11,11,2.2,0,0,-4.3,6.3,0,0,-1.1,0,0,0,-14.2,0,-2.1,0,0,0,0,0
11,12,2.2,0,0,-4.3,0,0,0,-1.1,-5.1,0,0,-12.3,0,-2.1,0,0,0,0,0
11,13,-1.3,0,0,-4.3,7.1,0,0,0,-4.1,7.1,0,-17.1,0,0,0,0,0,0,0
11,14,-1.3,0,0,-4.3,6.2,0,12.1,-5.1,0,7.1,0,0,0,0,0,0,0,0,0
11,15,-1.3,0,0,-4.2,0,0,12.2,-5.1,0,0,0,0,0,0,0,0,0,0,0
11,16,-1.3,0,0,-4.2,-5.1,-7.1,13.3,0,0,0,0,0,0,0,0,0,0,0,0
11,17,-1.3,3.2,0,-4.2,0,-6.1,12.3,0,0,0,-8.1,0,0,0,0,0,0,0,0
11,18,-1.3,0,0,-12.2,-8.1,0,11.3,0,0,0,0,-3.1,0,0,0,0,0,0,0
11,19,-1.3,0,0,-11.2,0,0,9.3,0,0,0,0,0,0,0,0,0,0,0,0
11,20,-1.3,0,0,-9.2,-5.1,0,8.3,0,0,0,0,0,0,0,0,0,0,0,0
11,21,-1.3,0,0,-9.1,0,0,8.3,0,0,-4.1,0,0,0,0,0,0,0,0,0
11,22,-1.3,0,0,-7.1,-4.1,0,8.3,0,0,0,-4.1,0,0,0,0,0,0,0,0
11,23,-1.3,0,0,-6.1,-4.1,0,7.3,0,0,0,0,0,0,0,0,0,0,0,0
11,24,0,0,0,-5.1,0,0,7.3,0,0,0,0,0,0,0,0,0,0,0,0
11,25,0,5.1,0,0,-3.1,0,6.3,0,0,0,0,0,0,0,0,0,0,0,0
11,26,0,0,0,0,0,0,6.2,0,0,0,-4.2,0,0,0,0,0,0,0,0
11,27,0,0,0,0,0,0,5.2,0,0,0,-4.2,0,0,0,0,0,0,0,0
11,28,0,0,0,0,0,0,5.2,0,0,0,0,0,0,0,0,0,0,0,0
11,29,0,0,0,0,0,0,4.1,0,0,0,0,0,0,0,0,0,0,0,0
11,30,0,0,0,0,0,0,3.1,0,0,0,0,0,0,0,0,0,0,0,0
11,31,0,0,0,0,0,0,3.1,0,0,0,0,0,0,0,0,0,0,0,0
11,32,0,0,0,0,0,0,2.1,0,0,0,0,0,0,0,0,0,0,0,0
12,1,0,0,0,0,0,0,14.1,0,0,0,0,0,0,0,0,0,0,0,0
12,2,0,0,0,0,0,0,14.1,0,0,0,0,0,0,0,0,0,0,0,0
12,3,9.1,0,0,0,0,0,14.1,0,0,0,0,0,0,0,0,0,0,0,0
12,4,9.1,0,0,0,0,0,14.1,0,0,0,0,0,0,0,0,0,0,0,0
12,5,9.1,0,0,0,0,0,15.2,0,0,0,0,0,0,0,0,0,0,0,0
12,6,9.1,0,0,0,0,0,14.2,0,0,0,0,0,0,0,0,0,0,0,0
12,7,10.1,0,0,0,9.1,0,15.2,0,0,0,0,0,0,0,0,0,0,0,0
12,8,10.1,0,0,0,9.1,0,15.2,0,0,0,0,0,0,0,0,0,0,0,0
12,9,12.3,0,0,0,15.1,0,15.2,13.1,0,0,0,0,0,0,0,0,0,0,0
12,10,12.3,0,0,0,13.1,0,14.2,13.1,0,0,0,0,0,0,0,0,0,0,0
12,11,12.3,0,0,0,-6.3,0,14.2,0,0,0,-8.1,0,0,0,0,0,0,0,0
12,12,12.3,7.3,21.2,0,3.3,0,14.2,17.1,0,0,6.2,-8.3,0,17.1,0,0,0,0,0
12,13,12.3,7.3,21.2,0,0,14.2,0,0,0,0,0,-8.3,0,17.1,0,0,0,0,0
12,14,12.3,0,0,0,0,14.2,0,0,0,0,0,0,0,17.1,0,0,0,0,0
12,15,12.3,0,0,0,0,14.2,0,15.1,0,0,0,0,0,0,0,0,0,0,0
12,16,10.1,0,0,0,14.3,14.2,0,0,0,0,0,0,0,0,0,0,0,0,0
12,17,10.1,0,0,0,14.3,15.2,0,0,0,0,0,0,0,0,0,0,0,0,0
12,18,9.1,0,0,0,0,15.2,0,0,0,0,0,0,0,0,0,0,0,0,0
12,19,9.1,0,0,0,0,14.2,0,0,0,0,0,0,0,0,0,0,0,0,0
12,20,9.1,0,0,0,0,14.2,0,0,0,0,0,0,0,0,0,0,0,0,0
12,21,9.1,0,0,0,0,14.1,0,0,0,0,0,0,0,0,0,0,0,0,0
12,22,9.1,0,0,0,0,14.1,0,0,0,0,0,0,0,0,0,0,0,0,0
12,23,0,0,0,0,0,14.1,0,0,0,0,0,0,0,0,0,0,0,0,0
12,24,0,0,0,0,0,14.1,0,0,0,0,0,0,0,0,0,0,0,0,0
12,25,0,0,0,0,0,14.1,0,0,0,0,0,0,0,0,0,0,0,0,0
13,1,0,0,0,0,0,0,8.1,0,0,0,0,0,0,0,0,0,0,0,0
13,2,0,0,0,0,0,0,6.1,0,0,0,0,0,0,0,0,0,0,0,0
13,3,-1.2,2.2,0,0,0,0,2.2,0,0,0,0,0,0,0,0,0,0,0,0
13,4,-1.2,0,0,0,0,0,1.2,0,0,0,0,-5.1,0,0,0,0,0,0,0
13,5,-1.2,0,0,-3.1,-3.1,0,-1.2,0,0,0,0,0,0,0,0,0,0,0,0
13,6,-1.2,0,0,-2.1,0,-1.2,-1.2,4.1,0,0,0,0,0,0,0,0,0,0,0
13,7,-1.2,0,0,-2.1,0,-1.2,0,4.1,0,-4.1,0,0,0,0,0,0,0,0,0
13,8,-1.2,-7.2,0,-3.1,-4.1,1.2,0,0,0,0,0,0,0,0,0,0,0,0,0
13,9,-1.2,0,0,0,0,1.2,0,0,0,0,0,0,0,0,0,0,0,0,0
13,10,-1.3,2.2,0,0,0,2.2,0,0,0,0,0,0,0,0,0,0,0,0,0
13,11,0,0,0,0,0,6.1,0,0,0,0,0,0,0,0,0,0,0,0,0
13,12,0,0,0,0,0,9.1,0,0,0,0,0,0,0,0,0,0,0,0,0
14,1,0,0,0,-7.1,0,0,0,0,0,0,-6.1,0,0,0,0,0,0,0,0
14,2,-5.1,0,0,0,-6.2,-8.1,3.1,-5.1,0,0,0,8.1,0,0,0,0,0,0,0
14,3,-5.1,-5.2,0,0,0,-4.1,-2.1,0,0,0,0,2.1,0,0,0,0,0,0,0
14,4,-5.1,0,0,0,0,2.1,0,0,0,0,0,0,0,0,0,0,0,0,0
14,5,-5.1,0,0,0,0,5.1,0,0,0,0,0,0,0,0,0,0,0,0,0
14,6,-5.1,0,0,0,0,6.1,0,0,0,0,0,0,0,0,0,0,0,0,0
14,7,-5.1,0,0,0,0,0,0,0,0,0,0,0,0,0,0,0,0,0,0
15,1,2.1,-2.2,0,0,0,0,1.1,0,0,0,0,0,0,0,0,0,0,0,0
15,2,2.1,0,0,0,0,0,1.2,0,0,0,0,0,0,0,0,0,0,0,0
15,3,2.1,0,0,0,0,0,-1.2,0,0,0,0,0,0,0,0,0,0,0,0
15,4,2.1,0,0,0,0,0,-1.2,0,0,0,0,0,0,0,0,0,0,0,0
15,5,2.1,0,0,0,0,0,-2.2,0,0,0,0,0,0,0,0,0,0,0,0
15,6,2.3,0,0,0,0,0,-2.2,0,0,0,0,0,0,0,0,0,0,0,0
15,7,2.3,0,0,0,0,-3.2,-2.2,0,0,0,0,0,0,0,0,0,0,0,0
15,8,2.2,0,0,0,0,-2.3,3.1,0,0,0,0,0,0,0,0,0,0,0,0
15,9,2.2,0,0,0,0,-1.3,0,0,0,0,0,0,0,0,0,0,0,0,0
15,10,2.2,0,0,0,0,1.3,0,0,0,0,0,0,0,0,0,0,0,0,0
15,11,2.2,0,0,0,0,2.3,0,0,0,0,0,0,0,0,0,0,0,0,0
15,12,2.2,-2.2,0,0,0,-2.2,0,0,0,0,0,0,0,0,0,0,0,0,0
15,13,2.2,0,0,0,0,0,1.2,0,0,0,0,0,0,0,0,0,0,0,0
15,14,2.2,0,0,0,0,0,-1.2,0,0,0,0,0,0,0,0,0,0,0,0
15,15,2.2,0,0,0,0,0,-1.2,0,0,0,0,0,0,0,0,0,0,0,0
15,16,2.2,0,0,0,0,0,-2.2,0,0,0,0,0,0,0,0,0,0,0,0
15,17,2.2,0,0,0,0,0,-2.2,0,0,0,0,0,0,0,0,0,0,0,0
15,18,2.2,0,0,0,0,0,-2.2,0,0,0,0,0,0,0,0,0,0,0,0
15,19,2.1,0,0,0,0,-3.1,-2.2,0,0,0,0,0,0,0,0,0,0,0,0
15,20,2.1,0,0,0,0,-3.1,0,0,0,0,0,0,0,0,0,0,0,0,0
15,21,2.1,0,0,0,0,-2.2,0,0,0,0,0,0,0,0,0,0,0,0,0
15,22,2.1,0,0,0,0,-2.2,0,0,0,0,0,0,0,0,0,0,0,0,0
15,23,2.1,0,0,0,0,-1.2,0,0,0,0,0,0,0,0,0,0,0,0,0
15,24,2.1,-2.2,0,0,0,1.2,0,0,0,0,0,0,0,0,0,0,0,0,0
16,1,3.2,0,0,-1.1,0,2.1,4.1,0,0,0,0,0,0,0,0,0,0,0,0
16,2,3.2,0,0,1.1,0,2.1,3.1,0,0,0,0,0,0,0,0,0,0,0,0
16,3,3.2,0,0,1.1,0,2.1,2.1,0,0,0,0,0,0,0,0,0,0,0,0
16,4,3.2,0,0,1.1,2.1,2.1,0,0,0,0,0,0,0,0,0,0,0,0,0
16,5,3.2,0,0,1.1,0,2.1,0,0,0,0,0,0,0,0,0,0,0,0,0
16,6,3.2,0,0,1.1,1.1,2.1,0,0,0,0,0,0,0,0,0,0,0,0,0
16,7,3.2,0,0,1.1,0,3.1,0,0,0,0,0,0,0,0,0,0,0,0,0
16,8,3.2,0,0,2.1,0,3.1,0,0,0,0,0,0,0,0,0,0,0,0,0
16,9,3.2,0,0,3.1,0,4.1,0,0,0,0,0,0,0,0,0,0,0,0,0
16,10,3.2,0,0,0,0,4.1,0,0,0,0,0,0,0,0,0,0,0,0,0
16,11,2.1,0,0,0,0,5.1,0,0,0,0,0,0,0,0,0,0,0,0,0
16,12,2.1,8.1,0,0,0,7.1,0,0,0,0,0,0,0,0,0,0,0,0,0
16,13,2.1,0,0,0,0,0,7.2,3.1,0,0,0,0,0,0,0,0,0,0,0
16,14,2.1,0,0,0,0,0,5.2,3.1,0,0,0,0,0,0,0,0,0,0,0
16,15,2.1,0,0,0,0,0,4.2,0,0,0,0,0,0,0,0,0,0,0,0
16,16,2.1,0,0,0,0,0,3.2,0,0,0,0,0,0,0,0,0,0,0,0
16,17,2.1,0,0,0,0,0,3.2,0,0,0,0,0,0,0,0,0,0,0,0
16,18,2.1,1.2,0,0,2.2,1.1,3.2,0,0,0,0,0,0,0,0,0,0,0,0
16,19,2.1,0,0,0,0,1.1,2.1,0,0,0,0,0,0,0,0,0,0,0,0
16,20,2.1,0,0,0,0,1.1,2.1,0,0,0,0,0,0,0,0,0,0,0,0
16,21,2.1,0,0,0,0,2.1,2.1,0,0,0,0,0,0,0,0,0,0,0,0
16,22,2.1,0,0,0,0,3.1,2.1,0,0,0,0,0,0,0,0,0,0,0,0
16,23,2.1,0,0,0,0,4.1,2.1,0,2.2,0,0,0,0,0,0,0,0,0,0
16,24,3.2,0,0,0,0,6.1,0,0,2.2,0,0,0,0,2.2,0,0,0,0,0
16,25,3.2,0,0,0,0,0,0,0,0,0,0,0,0,2.2,0,0,0,0,0
16,26,3.2,0,0,0,0,0,0,0,0,0,0,0,0,2.2,0,0,0,0,0
16,27,3.2,0,0,0,0,0,0,0,0,0,0,0,0,2.2,0,0,0,0,0
16,28,3.2,0,0,0,0,0,0,0,0,0,0,0,0,2.2,0,0,0,0,0
16,29,3.2,0,0,0,0,0,0,0,0,0,0,0,0,2.2,0,0,0,0,0
16,30,3.2,0,0,0,0,0,0,0,0,0,0,0,0,2.2,0,0,0,0,0
16,31,3.2,0,0,0,0,0,0,0,0,0,0,0,0,2.2,0,0,0,0,0
16,32,3.2,0,0,0,0,0,0,0,0,0,0,0,0,2.2,0,0,0,0,0
16,33,3.2,0,0,0,0,0,0,0,0,0,0,0,0,2.2,0,0,0,0,0
16,34,3.2,0,0,0,0,0,0,0,0,0,0,0,0,2.2,0,0,0,0,0
16,35,3.2,0,0,0,0,0,0,0,0,0,0,0,0,2.2,0,0,0,0,0
16,36,3.2,0,0,0,0,0,0,0,0,0,0,0,0,2.1,0,0,0,0,0
16,37,1.2,0,0,0,0,0,0,0,0,0,0,0,0,2.1,0,0,0,0,0
16,38,1.2,0,0,0,0,0,0,0,0,0,0,0,0,2.1,0,0,0,0,0
16,39,1.2,0,0,0,0,0,0,0,0,0,0,0,0,2.1,0,0,0,0,0
16,40,1.2,0,0,0,0,0,0,0,0,0,0,0,0,2.1,0,0,0,0,0
16,41,1.2,0,0,0,0,0,0,0,0,0,0,0,0,2.1,0,0,0,0,0
16,42,1.2,0,0,0,0,0,0,0,0,0,0,0,0,0,0,0,0,0,0
16,43,1.2,0,0,0,0,0,0,0,0,0,0,0,0,0,0,0,0,0,0
16,44,1.2,0,0,0,0,0,0,0,0,0,0,0,0,0,0,0,0,0,0
16,45,1.2,0,0,0,0,0,0,0,0,0,0,0,0,0,0,0,0,0,0
16,46,1.2,0,0,0,0,0,0,0,0,0,0,0,0,0,0,0,0,0,0
16,47,1.2,-7.3,0,0,0,0,0,0,0,0,0,0,0,0,0,0,0,0,0
16,48,2.1,0,0,0,0,0,0,0,0,0,0,0,0,0,0,0,0,0,0
16,49,2.1,0,0,0,0,0,0,0,0,0,0,0,0,0,0,0,0,0,0
16,50,2.1,0,0,0,0,0,0,0,0,0,0,0,0,0,0,0,0,0,0
16,51,2.1,0,0,0,0,0,0,0,0,0,0,0,0,0,0,0,0,0,0
16,52,2.1,0,0,0,0,0,0,0,0,0,0,0,0,0,0,0,0,0,0
16,53,2.1,0,0,0,0,0,0,0,0,0,0,0,0,0,0,0,0,0,0
16,54,2.1,0,0,0,0,0,0,0,0,0,0,0,0,0,0,0,0,0,0
16,55,2.1,0,0,0,0,0,0,0,0,0,0,0,0,0,0,0,0,0,0
16,56,2.1,0,0,0,0,0,0,0,0,0,0,0,0,0,0,0,0,0,0
16,57,2.1,0,0,0,0,0,0,0,0,0,0,0,0,0,0,0,0,0,0
16,58,2.1,0,0,0,0,0,0,0,0,0,0,0,0,0,0,0,0,0,0
16,59,2.2,-8.3,0,0,0,0,0,0,0,0,0,0,0,0,0,0,0,0,0
16,60,2.2,0,0,0,0,0,0,0,0,0,0,0,0,0,0,0,0,0,0
16,61,2.2,0,0,0,0,0,0,0,0,0,0,0,0,0,0,0,0,0,0
16,62,2.2,0,0,0,0,0,0,0,0,0,0,0,0,0,0,0,0,0,0
16,63,2.2,0,0,0,0,0,0,0,0,0,0,0,0,0,0,0,0,0,0
16,64,2.2,0,0,0,0,0,0,0,0,0,0,0,0,0,0,0,0,0,0
16,65,2.2,0,0,0,0,0,0,0,0,0,0,0,0,0,0,0,0,0,0
16,66,2.2,0,0,0,0,0,0,0,0,0,0,0,0,0,0,0,0,0,0
16,67,2.2,0,0,0,0,0,0,0,0,0,0,0,0,0,0,0,0,0,0
16,68,2.2,0,0,0,0,0,0,0,0,0,0,0,0,0,0,0,0,0,0
16,69,2.2,0,0,0,0,0,0,0,0,0,0,0,0,0,0,0,0,0,0
16,70,2.2,-8.3,0,0,0,0,0,0,0,0,0,0,0,0,0,0,0,0,0
16,71,1.2,0,0,0,0,0,0,0,0,0,0,0,0,0,0,0,0,0,0
16,72,1.2,0,0,0,0,0,0,0,0,0,0,0,0,0,0,0,0,0,0
16,73,1.2,0,0,0,0,0,0,0,0,0,0,0,0,0,0,0,0,0,0
16,74,1.2,0,0,0,0,0,0,0,0,0,0,0,0,0,0,0,0,0,0
16,75,1.2,0,0,0,0,0,0,0,0,0,0,0,0,0,0,0,0,0,0
16,76,1.2,0,0,0,0,0,0,0,0,0,0,0,0,0,0,0,0,0,0
16,77,1.2,0,0,0,0,0,0,0,0,0,0,0,0,0,0,0,0,0,0
16,78,1.2,0,0,0,0,0,0,0,0,0,0,0,0,0,0,0,0,0,0
16,79,1.2,0,0,0,0,0,0,0,0,0,0,0,0,0,0,0,0,0,0
16,80,1.2,0,0,0,0,0,0,0,0,0,0,0,0,0,0,0,0,0,0
16,81,1.2,0,0,0,0,0,0,0,0,0,0,0,0,0,0,0,0,0,0
16,82,3.1,-8.3,0,0,0,0,0,0,0,0,0,0,0,0,0,0,0,0,0
16,83,3.1,0,0,0,0,0,0,0,0,0,0,0,0,0,0,0,0,0,0
16,84,3.1,0,0,0,0,0,0,0,0,0,0,0,0,0,0,0,0,0,0
16,85,3.1,0,0,0,0,0,0,0,0,0,0,0,0,0,0,0,0,0,0
16,86,3.1,0,0,0,0,0,0,0,0,0,0,0,0,0,0,0,0,0,0
16,87,3.1,0,0,0,0,0,0,0,0,0,0,0,0,0,0,0,0,0,0
16,88,3.1,0,0,0,0,0,0,0,0,0,0,0,0,0,0,0,0,0,0
16,89,3.1,0,0,0,0,0,0,0,0,0,0,0,0,0,0,0,0,0,0
16,90,3.1,0,0,0,0,0,0,0,0,0,0,0,0,0,0,0,0,0,0
16,91,3.1,0,0,0,0,0,0,0,0,0,0,0,0,0,0,0,0,0,0
16,92,3.2,0,0,0,0,0,0,0,0,0,0,0,0,0,0,0,0,0,0
16,93,3.2,0,0,0,0,0,0,0,0,0,0,0,0,0,0,0,0,0,0
16,94,3.2,-8.3,0,0,0,0,0,0,0,0,0,0,0,0,0,0,0,0,0
16,95,0,-8.3,0,0,0,6.2,0,0,0,0,0,0,0,0,0,0,0,0,0
16,96,0,0,0,0,0,11.2,0,0,0,0,0,0,0,0,0,0,0,0,0
16,97,0,0,0,0,0,10.2,0,0,0,0,0,0,0,0,0,0,0,0,0
16,98,0,0,0,0,0,13.2,0,0,0,0,0,0,0,0,0,0,0,0,0
16,99,0,0,0,0,0,12.1,0,0,0,0,0,0,0,0,0,0,0,0,0
16,100,0,0,0,0,0,14.1,0,0,0,0,0,0,0,0,0,0,0,0,0
17,1,1.2,-2.2,0,0,0,0,0,0,0,0,0,0,0,0,0,0,0,0,0
17,2,1.2,0,0,0,0,0,0,0,0,0,0,0,0,0,0,0,0,0,0
17,3,1.2,0,0,0,0,0,0,-1.1,0,0,0,0,0,0,0,0,0,0,0
17,4,1.2,0,0,0,0,0,0,0,0,0,-1.1,0,0,0,0,0,0,0,0
17,5,1.2,2.2,0,0,-1.1,0,0,0,0,0,0,0,0,0,0,0,0,0,0
17,6,1.2,0,0,0,0,0,0,0,0,0,0,0,0,0,0,0,0,0,0
17,7,1.2,2.3,0,0,0,0,0,0,0,0,0,0,0,0,0,0,0,0,0
17,8,1.2,0,0,0,0,0,0,0,0,0,0,0,0,0,0,0,0,0,0
17,9,1.2,0,0,0,0,0,0,0,0,0,0,0,0,0,0,0,0,0,0
17,10,1.2,0,0,0,0,0,0,0,0,0,0,0,0,0,0,0,0,0,0
17,11,1.2,0,0,0,0,0,0,0,0,0,0,0,0,0,0,0,0,0,0
17,12,1.2,-1.1,0,0,0,0,0,0,0,0,0,0,0,0,0,0,0,0,0
17,13,1.2,0,0,0,0,0,0,0,0,0,0,0,0,0,0,0,0,0,0
17,14,1.2,-1.1,0,0,0,0,0,0,0,0,0,0,0,0,0,0,0,0,0
17,15,1.2,0,0,0,0,0,0,0,0,0,0,0,0,0,0,0,0,0,0
17,16,1.2,0,0,0,0,0,0,0,0,0,0,0,0,0,0,0,0,0,0
17,17,1.2,2.1,0,0,0,0,0,0,0,0,0,0,0,0,0,0,0,0,0
17,18,1.2,2.2,0,0,0,0,0,0,0,0,0,-1.2,0,0,0,0,0,0,0
17,19,1.2,0,0,0,0,0,0,0,0,0,0,-1.2,0,0,0,0,0,0,0
17,20,1.2,1.2,0,0,-1.1,0,0,0,0,0,0,0,0,0,0,0,0,0,0
17,21,1.2,1.2,0,0,0,0,0,0,0,0,0,0,0,0,0,0,0,0,0
17,22,1.2,0,0,0,0,0,0,0,0,0,0,0,0,0,0,0,0,0,0
17,23,1.2,1.2,0,0,0,0,0,0,0,0,0,0,0,0,0,0,0,0,0
17,24,1.2,0,0,0,0,0,0,0,0,0,0,0,0,0,0,0,0,0,0
17,25,1.2,0,0,0,0,0,0,0,0,0,0,0,0,0,0,0,0,0,0
17,26,1.2,0,0,0,0,0,0,0,0,0,0,0,0,0,0,0,0,0,0
17,27,1.2,0,0,0,0,0,0,0,0,0,-1.1,0,0,0,0,0,0,0,0
17,28,1.2,0,0,0,-1.1,0,0,0,0,0,-1.1,0,0,0,0,0,0,0,0
17,29,1.2,-1.2,0,0,-1.1,0,0,0,0,0,0,0,0,0,0,0,0,0,0
17,30,1.2,0,0,0,0,0,0,0,-1.1,0,0,0,0,0,0,0,0,0,0
17,31,1.2,-3.2,0,0,0,0,0,0,0,0,0,0,0,1.1,0,0,0,0,0
17,32,1.2,0,0,0,0,0,0,0,0,0,0,0,0,1.1,0,0,0,0,0
17,33,-2.3,-2.1,0,0,-3.2,0,0,0,0,0,-3.2,0,0,0,0,0,0,0,0
17,34,-2.3,-2.2,0,0,0,0,0,0,0,0,0,0,0,0,0,0,0,0,0
18,1,6.2,0,0,0,0,0,0,0,6.2,0,0,0,0,6.2,0,0,0,0,0
18,2,6.2,0,0,0,0,0,0,0,6.2,0,0,0,0,6.2,0,0,0,0,0
18,3,6.1,1.2,0,2.2,0,0,0,0,0,0,0,0,0,6.2,0,0,0,0,0
18,4,6.1,0,0,2.2,0,0,0,0,0,0,0,0,0,6.2,0,0,0,0,0
18,5,6.1,0,0,2.2,0,0,0,0,0,0,0,0,0,6.2,0,0,0,0,0
18,6,6.1,0,0,3.2,0,0,0,0,0,0,0,0,0,6.2,0,0,0,0,0
18,7,6.1,0,0,3.2,0,0,0,-1.1,0,0,0,0,0,6.2,0,0,0,0,0
18,8,6.1,2.1,2.1,0,-1.1,0,0,-1.1,0,0,0,0,0,6.2,0,0,0,0,0
18,9,5.2,1.1,2.1,0,-2.1,0,0,0,0,0,0,0,0,6.2,0,0,0,0,0
18,10,5.2,0,1.1,0,0,0,0,0,0,0,0,0,0,6.2,0,0,0,0,0
18,11,5.2,0,0,0,0,0,0,0,0,0,0,0,0,6.1,0,0,0,0,0
18,12,4.2,0,0,0,0,0,0,0,0,0,0,0,0,6.1,0,0,0,0,0
18,13,4.3,1.1,0,0,0,0,0,0,0,0,0,0,0,6.1,0,0,0,0,0
18,14,6.1,1.2,0,0,0,-5.1,0,0,0,0,0,0,0,6.1,0,0,0,0,0
18,15,6.1,3.2,0,0,0,0,-5.1,0,0,0,0,0,0,0,0,0,0,0,0
18,16,6.1,0,0,0,0,0,0,0,0,0,0,0,0,0,0,0,0,0,0
18,17,6.1,0,0,0,0,0,0,0,0,0,0,0,0,0,0,0,0,0,0
18,18,6.1,0,0,0,0,0,0,0,0,0,0,0,0,0,0,0,0,0,0
18,19,6.1,0,0,0,0,0,0,0,0,0,0,0,0,0,0,0,0,0,0
18,20,6.1,0,0,0,0,0,0,0,0,0,0,0,0,0,0,0,0,0,0
18,21,6.1,0,0,0,0,0,0,0,0,0,0,0,0,0,0,0,0,0,0
18,22,6.1,0,0,0,0,0,0,0,0,0,0,0,0,0,0,0,0,0,0
18,23,6.1,0,0,0,0,0,0,0,0,0,5.1,0,0,0,0,0,0,0,0
18,24,6.1,0,0,0,5.1,0,0,0,0,0,0,0,0,0,0,0,0,0,0
18,25,6.1,5.2,0,0,0,0,0,0,0,0,0,0,0,0,0,0,0,0,0
18,26,6.1,5.3,0,0,0,0,0,0,0,0,0,0,0,0,0,0,0,0,0
18,27,6.2,0,0,0,0,0,0,0,0,0,0,0,0,0,0,0,0,0,0
18,28,6.2,0,0,0,0,0,0,0,0,0,0,0,0,0,0,0,0,0,0
18,29,6.2,0,0,0,0,0,0,0,0,0,0,0,0,0,0,0,0,0,0
18,30,6.2,0,0,0,0,0,0,0,0,0,0,0,0,0,0,0,0,0,0
18,31,6.2,0,0,0,0,0,0,0,0,0,0,0,0,0,0,0,0,0,0
18,32,6.2,0,0,0,0,0,0,0,0,0,0,0,0,0,0,0,0,0,0
18,33,6.2,0,0,0,0,0,0,0,0,0,0,0,0,0,0,0,0,0,0
18,34,6.2,0,0,0,0,0,0,0,0,0,0,0,0,0,0,0,0,0,0
18,35,6.2,0,0,0,0,0,0,0,0,0,0,0,0,0,0,0,0,0,0
18,36,6.2,5.2,0,0,0,0,0,0,0,0,0,0,0,0,0,0,0,0,0
18,37,6.1,3.1,0,0,5.1,0,0,0,0,0,0,0,0,0,0,0,0,0,0
18,38,6.1,0,0,0,0,0,0,0,0,0,0,0,0,0,0,0,0,0,0
18,39,6.1,3.1,0,0,0,0,0,0,0,0,0,0,0,0,0,0,0,0,0
18,40,6.1,6.1,0,0,0,0,0,0,0,0,0,0,0,0,0,0,0,0,0
18,41,5.1,0,0,0,0,0,0,0,0,0,0,0,0,0,0,0,0,0,0
18,42,5.1,3.1,0,0,0,0,0,0,0,0,0,0,0,0,0,0,0,0,0
18,43,5.1,5.1,0,0,0,0,0,0,0,0,0,0,0,0,0,0,0,0,0
18,44,4.1,0,0,0,0,0,0,0,0,0,0,0,0,0,0,0,0,0,0
18,45,4.1,0,0,0,0,0,0,0,0,0,0,0,0,0,0,0,0,0,0
18,46,4.1,0,0,0,0,0,0,0,0,0,0,0,0,0,0,0,0,0,0
18,47,4.1,0,0,0,0,0,0,0,0,0,0,0,0,0,0,0,0,0,0
18,48,0,3.2,0,0,0,0,0,0,0,0,0,0,0,0,0,0,0,0,0
19,1,-2.1,0,-1.1,0,0,0,0,0,0,0,0,0,0,0,0,0,0,0,0
19,2,-3.1,0,-1.1,0,0,0,0,0,0,0,0,0,0,0,0,0,0,0,0
19,3,-4.2,0,-1.1,0,0,0,0,-1.2,0,0,0,0,0,0,0,0,0,0,0
19,4,-4.2,0,-1.1,0,0,0,0,-1.2,0,0,0,0,0,0,0,0,0,0,0
19,5,-4.2,0,-1.1,0,0,0,0,0,0,0,0,0,0,0,0,0,0,0,0
19,6,-4.2,0,-1.2,0,0,0,0,0,0,0,-3.1,0,0,0,0,0,0,0,0
19,7,-4.2,0,-1.2,0,-2.2,0,0,0,0,0,0,0,0,0,0,0,0,0,0
19,8,-1.1,-7.2,-1.2,0,0,-2.2,0,0,0,0,0,0,0,0,0,0,0,0,0
19,9,-2.1,0,-1.3,0,0,-1.2,0,0,0,0,0,0,0,0,0,0,0,0,0
19,10,-1.1,0,-1.3,0,0,1.2,0,0,0,0,0,0,0,0,0,0,0,0,0
19,11,-1.1,0,-1.3,0,0,2.2,0,0,0,0,0,0,0,0,0,0,0,0,0
19,12,-1.1,0,-1.3,0,0,2.2,0,0,0,0,0,0,0,0,0,0,0,0,0
19,13,1.2,0,-1.2,0,0,2.2,0,0,0,0,4.1,0,0,0,0,0,0,0,0
19,14,1.2,0,-1.2,0,-3.2,0,0,0,0,0,0,0,0,0,0,0,0,0,0
19,15,1.2,0,-1.2,0,0,0,0,0,0,0,0,0,0,0,0,0,0,0,0
19,16,1.2,0,-1.1,8.1,0,0,0,0,0,0,0,0,0,0,0,0,0,0,0
19,17,1.2,0,-1.1,8.1,0,0,0,0,0,0,0,0,0,0,0,0,0,0,0
19,18,1.2,0,-1.2,9.1,0,0,0,0,0,0,0,0,0,0,0,0,0,0,0
19,19,1.2,0,-1.2,10.1,0,0,-6.1,0,0,0,0,0,0,0,0,0,0,0,0
19,20,2.2,0,0,10.1,0,0,-6.1,0,0,0,0,0,0,0,0,0,0,0,0
19,21,2.2,0,0,11.1,0,0,-6.1,0,0,0,0,0,0,0,0,0,0,0,0
19,22,2.2,0,-2.2,11.1,0,0,0,0,0,0,0,0,0,0,0,0,0,0,0
19,23,2.2,0,-2.2,11.1,0,0,0,0,0,0,0,0,0,0,0,0,0,0,0
19,24,2.2,0,-2.2,11.1,0,0,0,0,0,0,0,0,0,0,0,0,0,0,0
19,25,2.2,0,-2.2,10.1,0,0,0,0,0,0,0,0,0,0,0,0,0,0,0
19,26,2.2,0,-2.3,10.1,0,0,0,0,0,0,0,0,0,0,0,0,0,0,0
19,27,2.2,0,-2.3,9.1,0,0,0,0,0,0,0,0,0,0,0,0,0,0,0
19,28,2.2,0,-2.3,9.1,0,0,0,0,0,0,0,0,0,0,0,0,0,0,0
19,29,-1.2,0,-2.3,8.1,0,0,0,0,0,0,0,0,0,0,0,0,0,0,0
19,30,-1.2,0,-10.1,0,0,0,0,0,0,0,0,0,0,0,0,0,0,0,0
19,31,-1.2,0,-10.1,0,0,0,0,0,0,0,0,0,0,0,0,0,0,0,0
19,32,-1.2,0,-10.1,0,0,0,0,0,0,0,0,0,0,0,0,0,0,0,0
19,33,-1.2,0,-10.1,0,0,0,0,0,0,0,0,0,0,0,0,0,0,0,0
19,34,-1.2,0,-9.1,0,0,0,0,0,0,0,0,0,0,0,0,0,0,0,0
19,35,-1.2,0,-9.1,0,0,0,0,0,0,0,0,0,0,0,0,0,0,0,0
19,36,0,0,-8.1,0,0,0,0,0,0,0,0,0,0,0,0,0,0,0,0
19,37,-4.2,0,-5.1,0,0,0,0,0,0,0,0,0,0,0,0,0,0,0,0
19,38,-4.2,0,0,0,0,0,0,0,0,0,0,0,0,0,0,0,0,0,0
19,39,-4.2,0,0,0,0,0,0,0,0,0,0,0,0,0,0,0,0,0,0
19,40,-4.2,0,0,0,0,0,0,0,0,0,0,0,0,0,0,0,0,0,0
19,41,-4.2,0,0,0,0,0,0,0,0,0,0,0,0,0,0,0,0,0,0
19,42,-4.2,0,0,0,0,0,0,0,0,0,0,0,0,0,0,0,0,0,0
19,43,-4.2,0,0,0,0,0,0,0,0,0,0,0,0,0,0,0,0,0,0
19,44,-4.2,0,0,0,0,0,0,0,0,0,0,0,0,0,0,0,0,0,0
